Athlete,Date,Location,Coast
Athlete 506,1/16/2019,USA,East
Athlete 439,1/16/2019,USA,East
Athlete 25,1/16/2019,USA,East
Athlete 480,1/16/2019,USA,East
Athlete 459,1/16/2019,USA,East
Athlete 240,1/16/2019,USA,East
Athlete 43,1/16/2019,USA,East
Athlete 437,1/16/2019,USA,East
Athlete 366,1/15/2019,USA,East
Athlete 465,1/16/2019,USA,East
Athlete 506,1/17/2019,USA,East
Athlete 240,1/17/2019,USA,East
Athlete 439,1/17/2019,USA,East
Athlete 43,1/17/2019,USA,East
Athlete 437,1/17/2019,USA,East
Athlete 546,1/17/2019,USA,East
Athlete 480,1/17/2019,USA,East
Athlete 236,1/17/2019,USA,East
Athlete 43,1/19/2019,Canada,West
Athlete 459,1/19/2019,Canada,West
Athlete 506,1/19/2019,Canada,West
Athlete 437,1/19/2019,Canada,West
Athlete 480,1/19/2019,Canada,West
Athlete 439,1/19/2019,Canada,West
Athlete 506,1/22/2019,Canada,West
Athlete 439,1/22/2019,Canada,West
Athlete 366,1/22/2019,Canada,West
Athlete 387,1/25/2019,USA,West
Athlete 387,1/26/2019,USA,West
Athlete 459,1/26/2019,USA,West
Athlete 106,1/26/2019,USA,West
Athlete 387,1/27/2019,USA,West
Athlete 459,1/27/2019,USA,West
Athlete 366,1/26/2019,USA,West
Athlete 43,1/28/2019,USA,West
Athlete 11,1/30/2019,USA,West
Athlete 506,2/1/2019,USA,West
Athlete 240,2/1/2019,USA,West
Athlete 77,2/1/2019,USA,West
Athlete 77,2/2/2019,USA,West
Athlete 240,2/2/2019,USA,West
Athlete 506,2/3/2019,USA,West
Athlete 83,2/2/2019,USA,West
Athlete 83,2/3/2019,USA,West
Athlete 77,2/3/2019,USA,West
Athlete 240,2/3/2019,USA,West
Athlete 240,2/4/2019,USA,West
Athlete 43,2/4/2019,USA,West
Athlete 366,2/5/2019,USA,West
Athlete 106,2/9/2019,Austria,
Athlete 387,2/9/2019,Austria,
Athlete 11,2/9/2019,Austria,
Athlete 387,2/10/2019,Austria,
Athlete 106,2/10/2019,Austria,
Athlete 186,2/10/2019,Austria,
Athlete 506,2/10/2019,Austria,
Athlete 439,2/10/2019,Austria,
Athlete 13,2/10/2019,Austria,
Athlete 333,2/10/2019,Austria,
Athlete 61,2/10/2019,Austria,
Athlete 506,2/11/2019,Austria,
Athlete 186,2/11/2019,Austria,
Athlete 13,2/11/2019,Austria,
Athlete 61,2/11/2019,Austria,
Athlete 333,2/11/2019,Austria,
Athlete 439,2/11/2019,Austria,
Athlete 387,2/11/2019,Austria,
Athlete 106,2/11/2019,Austria,
Athlete 236,2/11/2019,Austria,
Athlete 387,2/12/2019,Austria,
Athlete 106,2/12/2019,Austria,
Athlete 61,2/12/2019,Austria,
Athlete 186,2/12/2019,Austria,
Athlete 333,2/12/2019,Austria,
Athlete 439,2/12/2019,Austria,
Athlete 13,2/12/2019,Austria,
Athlete 333,2/13/2019,Austria,
Athlete 186,2/13/2019,Norway,
Athlete 506,2/13/2019,Norway,
Athlete 61,2/13/2019,Norway,
Athlete 13,2/13/2019,Norway,
Athlete 387,2/13/2019,Norway,
Athlete 106,2/13/2019,Norway,
Athlete 439,2/13/2019,Norway,
Athlete 387,2/14/2019,Norway,
Athlete 186,2/14/2019,Norway,
Athlete 106,2/14/2019,Norway,
Athlete 333,2/14/2019,Norway,
Athlete 61,2/14/2019,Norway,
Athlete 13,2/14/2019,Norway,
Athlete 506,2/14/2019,Norway,
Athlete 439,2/14/2019,Norway,
Athlete 61,2/15/2019,Norway,
Athlete 387,2/15/2019,Norway,
Athlete 333,2/15/2019,Norway,
Athlete 13,2/15/2019,Norway,
Athlete 186,2/15/2019,Norway,
Athlete 61,2/16/2019,Norway,
Athlete 13,2/16/2019,Norway,
Athlete 333,2/16/2019,Norway,
Athlete 240,2/16/2019,Norway,
Athlete 240,2/17/2019,Norway,
Athlete 480,2/17/2019,Norway,
Athlete 437,2/17/2019,Norway,
Athlete 437,2/16/2019,Norway,
Athlete 480,2/18/2019,Norway,
Athlete 240,2/18/2019,Norway,
Athlete 236,2/18/2019,Norway,
Athlete 480,2/19/2019,Norway,
Athlete 236,2/19/2019,Norway,
Athlete 240,2/20/2019,Norway,
Athlete 480,2/20/2019,Norway,
Athlete 240,2/21/2019,Norway,
Athlete 387,2/22/2019,Norway,
Athlete 387,2/23/2019,Norway,
Athlete 439,2/26/2019,Norway,
Athlete 323,2/27/2019,Norway,
Athlete 13,2/27/2019,Norway,
Athlete 201,2/27/2019,Norway,
Athlete 259,2/27/2019,Norway,
Athlete 201,2/28/2019,Norway,
Athlete 323,2/28/2019,Norway,
Athlete 201,3/1/2019,Switzerland,
Athlete 323,3/1/2019,Switzerland,
Athlete 61,2/27/2019,Switzerland,
Athlete 61,2/28/2019,Switzerland,
Athlete 61,3/1/2019,Switzerland,
Athlete 259,3/1/2019,Switzerland,
Athlete 323,3/2/2019,Switzerland,
Athlete 186,3/3/2019,Switzerland,
Athlete 439,3/5/2019,Switzerland,
Athlete 236,3/11/2019,USA,East
Athlete 238,3/13/2019,USA,East
Athlete 236,3/14/2019,USA,East
Athlete 240,3/16/2019,USA,East
Athlete 236,3/16/2019,USA,East
Athlete 236,3/17/2019,USA,East
Athlete 236,3/18/2019,USA,East
Athlete 240,3/18/2019,USA,East
Athlete 236,3/19/2019,USA,East
Athlete 61,3/22/2019,Canada,West
Athlete 506,3/24/2019,Canada,West
Athlete 240,3/24/2019,Canada,West
Athlete 506,3/26/2019,Canada,West
Athlete 506,3/27/2019,Canada,West
Athlete 236,3/26/2019,Canada,West
Athlete 506,3/28/2019,Canada,West
Athlete 506,3/29/2019,Canada,West
Athlete 236,4/2/2019,Canada,West
Athlete 106,4/5/2019,Canada,West
Athlete 106,4/6/2019,Canada,West
Athlete 106,4/7/2019,Canada,West
Athlete 366,4/6/2019,Canada,West
Athlete 366,4/8/2019,Canada,West
Athlete 366,4/7/2019,Canada,West
Athlete 186,4/25/2019,Germany,
Athlete 43,4/26/2019,Germany,
Athlete 83,4/26/2019,Germany,
Athlete 43,4/27/2019,Germany,
Athlete 546,4/27/2019,Germany,
Athlete 83,4/27/2019,Germany,
Athlete 480,5/3/2019,Japan,
Athlete 25,5/3/2019,Japan,
Athlete 25,5/4/2019,Japan,
Athlete 480,5/4/2019,Japan,
Athlete 480,5/17/2019,Japan,
Athlete 480,5/18/2019,Japan,
Athlete 232,7/12/2019,USA,East
Athlete 530,7/21/2019,USA,East
Athlete 506,7/21/2019,USA,East
Athlete 439,7/21/2019,USA,East
Athlete 152,7/21/2019,USA,East
Athlete 454,7/22/2019,USA,East
Athlete 439,7/22/2019,USA,East
Athlete 152,7/22/2019,USA,East
Athlete 506,7/22/2019,USA,East
Athlete 454,7/23/2019,USA,East
Athlete 506,7/23/2019,USA,East
Athlete 439,7/23/2019,USA,East
Athlete 454,7/24/2019,USA,East
Athlete 506,7/24/2019,USA,East
Athlete 439,7/24/2019,USA,East
Athlete 152,7/23/2019,USA,East
Athlete 152,7/24/2019,USA,East
Athlete 13,8/22/2019,Russia,
Athlete 325,8/22/2019,Russia,
Athlete 186,8/22/2019,Russia,
Athlete 1,8/22/2019,Russia,
Athlete 333,8/22/2019,Russia,
Athlete 530,8/23/2019,Russia,
Athlete 223,8/23/2019,Russia,
Athlete 197,8/23/2019,Russia,
Athlete 1,8/23/2019,Russia,
Athlete 366,8/23/2019,Russia,
Athlete 530,8/24/2019,Russia,
Athlete 223,8/24/2019,Russia,
Athlete 197,8/24/2019,Russia,
Athlete 366,8/24/2019,Russia,
Athlete 186,8/24/2019,Russia,
Athlete 325,8/25/2019,Russia,
Athlete 366,8/25/2019,Russia,
Athlete 530,8/25/2019,Russia,
Athlete 197,8/25/2019,Russia,
Athlete 186,8/25/2019,Russia,
Athlete 61,8/24/2019,Russia,
Athlete 61,8/23/2019,Russia,
Athlete 259,8/27/2019,Russia,
Athlete 13,8/25/2019,Russia,
Athlete 13,8/24/2019,Russia,
Athlete 328,8/28/2019,Russia,
Athlete 328,8/27/2019,Russia,
Athlete 259,8/29/2019,Russia,
Athlete 328,8/29/2019,Russia,
Athlete 186,8/30/2019,Russia,
Athlete 530,8/30/2019,Russia,
Athlete 18,8/30/2019,Russia,
Athlete 387,8/30/2019,Russia,
Athlete 197,8/30/2019,Russia,
Athlete 43,8/30/2019,Russia,
Athlete 106,8/30/2019,Russia,
Athlete 323,8/30/2019,Russia,
Athlete 259,8/30/2019,Russia,
Athlete 223,8/30/2019,Russia,
Athlete 61,8/30/2019,Russia,
Athlete 333,8/30/2019,Russia,
Athlete 328,8/30/2019,Russia,
Athlete 106,8/31/2019,Russia,
Athlete 323,8/31/2019,Russia,
Athlete 197,8/31/2019,Russia,
Athlete 43,8/31/2019,Russia,
Athlete 186,8/31/2019,Russia,
Athlete 61,8/31/2019,Russia,
Athlete 530,9/1/2019,Russia,
Athlete 106,9/1/2019,Russia,
Athlete 323,9/1/2019,Russia,
Athlete 197,9/1/2019,Russia,
Athlete 43,9/1/2019,Russia,
Athlete 18,9/1/2019,Russia,
Athlete 530,9/2/2019,Russia,
Athlete 223,9/1/2019,Russia,
Athlete 223,9/2/2019,Russia,
Athlete 323,9/2/2019,Russia,
Athlete 197,9/4/2019,USA,East
Athlete 366,9/4/2019,USA,East
Athlete 323,9/4/2019,USA,East
Athlete 106,9/4/2019,USA,East
Athlete 223,9/4/2019,USA,East
Athlete 223,9/5/2019,USA,East
Athlete 197,9/5/2019,USA,East
Athlete 366,9/5/2019,USA,East
Athlete 323,9/5/2019,USA,East
Athlete 26,9/6/2019,USA,East
Athlete 18,9/6/2019,USA,East
Athlete 106,9/6/2019,USA,East
Athlete 366,9/6/2019,USA,East
Athlete 1,9/6/2019,USA,East
Athlete 323,9/6/2019,USA,East
Athlete 223,9/6/2019,USA,East
Athlete 197,9/6/2019,USA,East
Athlete 106,9/7/2019,USA,East
Athlete 366,9/7/2019,USA,East
Athlete 323,9/7/2019,USA,East
Athlete 197,9/7/2019,USA,East
Athlete 223,9/7/2019,USA,East
Athlete 1,9/7/2019,USA,East
Athlete 26,9/7/2019,USA,East
Athlete 393,9/11/2019,USA,West
Athlete 403,9/11/2019,USA,West
Athlete 259,9/11/2019,USA,West
Athlete 20,9/11/2019,USA,West
Athlete 506,9/12/2019,USA,West
Athlete 393,9/12/2019,USA,West
Athlete 220,9/12/2019,USA,West
Athlete 403,9/12/2019,USA,West
Athlete 259,9/12/2019,USA,West
Athlete 289,9/12/2019,USA,West
Athlete 490,9/12/2019,USA,West
Athlete 480,9/12/2019,USA,West
Athlete 480,9/13/2019,USA,West
Athlete 289,9/13/2019,USA,West
Athlete 506,9/13/2019,USA,West
Athlete 220,9/13/2019,USA,West
Athlete 11,9/13/2019,USA,West
Athlete 465,9/13/2019,USA,West
Athlete 403,9/13/2019,USA,West
Athlete 259,9/14/2019,USA,West
Athlete 393,9/13/2019,USA,West
Athlete 506,9/14/2019,USA,West
Athlete 490,9/14/2019,USA,West
Athlete 480,9/14/2019,USA,West
Athlete 11,9/14/2019,USA,West
Athlete 289,9/14/2019,USA,West
Athlete 220,9/14/2019,USA,West
Athlete 232,9/12/2019,USA,West
Athlete 232,9/13/2019,USA,West
Athlete 232,9/14/2019,USA,West
Athlete 232,9/15/2019,USA,West
Athlete 11,9/15/2019,USA,West
Athlete 333,9/14/2019,USA,West
Athlete 333,9/13/2019,USA,West
Athlete 465,9/14/2019,USA,West
Athlete 465,9/15/2019,USA,West
Athlete 25,9/20/2019,Switzerland,
Athlete 239,9/20/2019,Switzerland,
Athlete 506,9/20/2019,Switzerland,
Athlete 20,9/20/2019,Switzerland,
Athlete 454,9/20/2019,Switzerland,
Athlete 387,9/20/2019,Switzerland,
Athlete 393,9/20/2019,Switzerland,
Athlete 58,9/20/2019,Switzerland,
Athlete 18,9/20/2019,Switzerland,
Athlete 197,9/20/2019,Switzerland,
Athlete 323,9/20/2019,Switzerland,
Athlete 530,9/20/2019,Switzerland,
Athlete 366,9/20/2019,Switzerland,
Athlete 227,9/20/2019,Switzerland,
Athlete 289,9/21/2019,Switzerland,
Athlete 437,9/20/2019,Switzerland,
Athlete 462,9/20/2019,Switzerland,
Athlete 259,9/20/2019,Switzerland,
Athlete 393,9/21/2019,Switzerland,
Athlete 366,9/21/2019,Switzerland,
Athlete 454,9/21/2019,Switzerland,
Athlete 323,9/21/2019,Switzerland,
Athlete 530,9/21/2019,Switzerland,
Athlete 403,9/21/2019,Switzerland,
Athlete 20,9/21/2019,Switzerland,
Athlete 259,9/21/2019,Switzerland,
Athlete 25,9/21/2019,Switzerland,
Athlete 239,9/21/2019,Switzerland,
Athlete 58,9/21/2019,Switzerland,
Athlete 439,9/22/2019,Switzerland,
Athlete 437,9/21/2019,Switzerland,
Athlete 387,9/22/2019,Switzerland,
Athlete 393,9/22/2019,Switzerland,
Athlete 20,9/22/2019,Switzerland,
Athlete 454,9/22/2019,Switzerland,
Athlete 366,9/22/2019,Switzerland,
Athlete 530,9/22/2019,Switzerland,
Athlete 58,9/22/2019,Switzerland,
Athlete 197,9/22/2019,Switzerland,
Athlete 328,9/22/2019,Switzerland,
Athlete 437,9/22/2019,Switzerland,
Athlete 259,9/22/2019,Switzerland,
Athlete 546,9/22/2019,Switzerland,
Athlete 25,9/27/2019,Switzerland,
Athlete 201,9/27/2019,Switzerland,
Athlete 239,9/27/2019,Switzerland,
Athlete 152,9/27/2019,Switzerland,
Athlete 289,9/27/2019,Switzerland,
Athlete 11,9/27/2019,Switzerland,
Athlete 454,9/26/2019,Switzerland,
Athlete 465,9/27/2019,Switzerland,
Athlete 43,9/27/2019,Switzerland,
Athlete 27,9/27/2019,Switzerland,
Athlete 13,9/27/2019,Switzerland,
Athlete 201,9/28/2019,Switzerland,
Athlete 27,9/28/2019,Switzerland,
Athlete 227,9/28/2019,Switzerland,
Athlete 152,9/28/2019,Switzerland,
Athlete 25,9/28/2019,Switzerland,
Athlete 465,9/28/2019,Switzerland,
Athlete 454,9/27/2019,Switzerland,
Athlete 289,9/28/2019,Switzerland,
Athlete 43,9/28/2019,Switzerland,
Athlete 26,9/29/2019,Switzerland,
Athlete 201,9/29/2019,Switzerland,
Athlete 454,9/29/2019,Switzerland,
Athlete 289,9/29/2019,Switzerland,
Athlete 25,9/29/2019,Switzerland,
Athlete 13,9/28/2019,Switzerland,
Athlete 13,9/29/2019,Switzerland,
Athlete 239,9/29/2019,Switzerland,
Athlete 393,9/29/2019,Switzerland,
Athlete 465,9/29/2019,Switzerland,
Athlete 186,9/30/2019,Switzerland,
Athlete 259,9/29/2019,Switzerland,
Athlete 58,9/30/2019,Switzerland,
Athlete 546,9/28/2019,Switzerland,
Athlete 43,9/29/2019,Switzerland,
Athlete 270,9/29/2019,Switzerland,
Athlete 270,9/28/2019,Switzerland,
Athlete 270,9/27/2019,Switzerland,
Athlete 27,9/29/2019,Switzerland,
Athlete 26,9/30/2019,Switzerland,
Athlete 259,9/30/2019,Switzerland,
Athlete 393,9/30/2019,Switzerland,
Athlete 20,10/1/2019,Germany,
Athlete 58,10/1/2019,Germany,
Athlete 186,10/1/2019,Switzerland,
Athlete 333,9/30/2019,Switzerland,
Athlete 333,9/29/2019,Switzerland,
Athlete 393,10/1/2019,Switzerland,
Athlete 393,10/2/2019,Switzerland,
Athlete 106,10/3/2019,Switzerland,
Athlete 259,10/2/2019,Switzerland,
Athlete 333,10/1/2019,Switzerland,
Athlete 201,10/4/2019,Switzerland,
Athlete 106,10/4/2019,Switzerland,
Athlete 459,10/4/2019,Switzerland,
Athlete 43,10/4/2019,Switzerland,
Athlete 27,10/4/2019,Switzerland,
Athlete 323,10/4/2019,Switzerland,
Athlete 530,10/4/2019,Switzerland,
Athlete 227,10/4/2019,Switzerland,
Athlete 454,10/4/2019,Switzerland,
Athlete 11,10/4/2019,Switzerland,
Athlete 232,10/4/2019,Switzerland,
Athlete 480,10/4/2019,Switzerland,
Athlete 220,10/4/2019,Switzerland,
Athlete 506,10/4/2019,Switzerland,
Athlete 366,10/4/2019,Switzerland,
Athlete 289,10/4/2019,Switzerland,
Athlete 25,10/4/2019,Switzerland,
Athlete 439,10/5/2019,Switzerland,
Athlete 83,10/4/2019,Switzerland,
Athlete 465,10/4/2019,Switzerland,
Athlete 437,10/4/2019,Switzerland,
Athlete 201,10/5/2019,Switzerland,
Athlete 220,10/5/2019,Switzerland,
Athlete 323,10/5/2019,Switzerland,
Athlete 106,10/5/2019,Switzerland,
Athlete 366,10/5/2019,Switzerland,
Athlete 530,10/5/2019,Switzerland,
Athlete 227,10/5/2019,Switzerland,
Athlete 454,10/5/2019,Switzerland,
Athlete 11,10/5/2019,Switzerland,
Athlete 25,10/5/2019,Switzerland,
Athlete 232,10/5/2019,Switzerland,
Athlete 328,10/5/2019,Switzerland,
Athlete 465,10/5/2019,Switzerland,
Athlete 437,10/5/2019,Switzerland,
Athlete 106,10/6/2019,Switzerland,
Athlete 239,10/6/2019,Switzerland,
Athlete 530,10/6/2019,Switzerland,
Athlete 366,10/6/2019,Switzerland,
Athlete 152,10/6/2019,Switzerland,
Athlete 439,10/6/2019,Switzerland,
Athlete 197,10/6/2019,Switzerland,
Athlete 83,10/5/2019,Switzerland,
Athlete 43,10/6/2019,Switzerland,
Athlete 328,10/6/2019,Switzerland,
Athlete 25,10/6/2019,Switzerland,
Athlete 18,10/7/2019,Switzerland,
Athlete 106,10/7/2019,Switzerland,
Athlete 27,10/6/2019,Switzerland,
Athlete 328,10/7/2019,Switzerland,
Athlete 393,10/11/2019,Austria,
Athlete 459,10/11/2019,Austria,
Athlete 403,10/11/2019,Austria,
Athlete 20,10/11/2019,Austria,
Athlete 259,10/11/2019,Austria,
Athlete 333,10/12/2019,Austria,
Athlete 325,10/11/2019,Austria,
Athlete 61,10/11/2019,Austria,
Athlete 239,10/12/2019,Austria,
Athlete 61,10/12/2019,Austria,
Athlete 186,10/12/2019,Austria,
Athlete 393,10/12/2019,Austria,
Athlete 20,10/12/2019,Austria,
Athlete 259,10/12/2019,Austria,
Athlete 454,10/12/2019,Austria,
Athlete 403,10/12/2019,Austria,
Athlete 208,10/12/2019,Austria,
Athlete 325,10/12/2019,Austria,
Athlete 437,10/11/2019,Austria,
Athlete 454,10/13/2019,Austria,
Athlete 393,10/13/2019,Austria,
Athlete 20,10/13/2019,Austria,
Athlete 259,10/13/2019,Austria,
Athlete 403,10/13/2019,Austria,
Athlete 26,10/11/2019,Austria,
Athlete 26,10/12/2019,Austria,
Athlete 208,10/14/2019,Austria,
Athlete 208,10/15/2019,Austria,
Athlete 239,10/15/2019,Austria,
Athlete 333,10/13/2019,Austria,
Athlete 239,10/16/2019,France,
Athlete 227,10/16/2019,France,
Athlete 239,10/17/2019,France,
Athlete 197,10/17/2019,France,
Athlete 13,10/17/2019,France,
Athlete 186,10/17/2019,France,
Athlete 403,10/17/2019,France,
Athlete 393,10/17/2019,France,
Athlete 366,10/18/2019,France,
Athlete 333,10/17/2019,France,
Athlete 239,10/18/2019,France,
Athlete 259,10/17/2019,France,
Athlete 323,10/18/2019,France,
Athlete 393,10/18/2019,France,
Athlete 490,10/18/2019,France,
Athlete 403,10/18/2019,France,
Athlete 289,10/18/2019,France,
Athlete 506,10/18/2019,France,
Athlete 13,10/18/2019,France,
Athlete 220,10/18/2019,France,
Athlete 480,10/18/2019,France,
Athlete 186,10/18/2019,France,
Athlete 259,10/18/2019,France,
Athlete 323,10/19/2019,France,
Athlete 186,10/19/2019,France,
Athlete 13,10/19/2019,France,
Athlete 506,10/19/2019,France,
Athlete 366,10/20/2019,France,
Athlete 490,10/19/2019,France,
Athlete 289,10/19/2019,France,
Athlete 325,10/19/2019,France,
Athlete 43,10/22/2019,France,
Athlete 1,10/23/2019,France,
Athlete 26,10/23/2019,France,
Athlete 358,10/23/2019,France,
Athlete 1,10/24/2019,France,
Athlete 454,10/25/2019,France,
Athlete 393,10/25/2019,France,
Athlete 11,10/25/2019,France,
Athlete 465,10/25/2019,France,
Athlete 232,10/25/2019,France,
Athlete 439,10/24/2019,France,
Athlete 25,10/24/2019,France,
Athlete 106,10/25/2019,France,
Athlete 439,10/26/2019,France,
Athlete 11,10/26/2019,France,
Athlete 232,10/26/2019,France,
Athlete 25,10/26/2019,France,
Athlete 465,10/26/2019,France,
Athlete 43,10/26/2019,France,
Athlete 232,10/27/2019,France,
Athlete 11,10/27/2019,France,
Athlete 465,10/27/2019,France,
Athlete 106,10/27/2019,France,
Athlete 43,10/27/2019,France,
Athlete 1,10/28/2019,France,
Athlete 328,10/28/2019,France,
Athlete 43,10/28/2019,France,
Athlete 43,10/29/2019,France,
Athlete 333,10/30/2019,France,
Athlete 459,11/1/2019,USA,East
Athlete 186,11/1/2019,USA,East
Athlete 152,11/1/2019,USA,East
Athlete 393,11/1/2019,USA,East
Athlete 27,11/1/2019,USA,East
Athlete 227,11/1/2019,USA,East
Athlete 239,11/1/2019,USA,East
Athlete 13,11/1/2019,USA,East
Athlete 61,11/1/2019,USA,East
Athlete 454,11/1/2019,USA,East
Athlete 259,11/1/2019,USA,East
Athlete 437,11/1/2019,USA,East
Athlete 26,11/1/2019,USA,East
Athlete 393,11/2/2019,USA,East
Athlete 18,11/2/2019,USA,East
Athlete 439,11/2/2019,USA,East
Athlete 454,11/2/2019,USA,East
Athlete 289,11/1/2019,USA,East
Athlete 289,11/2/2019,USA,East
Athlete 43,11/1/2019,USA,East
Athlete 152,11/2/2019,USA,East
Athlete 186,11/2/2019,USA,East
Athlete 1,11/2/2019,USA,East
Athlete 61,11/2/2019,USA,East
Athlete 201,11/2/2019,USA,East
Athlete 462,11/2/2019,USA,East
Athlete 459,11/2/2019,USA,East
Athlete 27,11/2/2019,USA,East
Athlete 13,11/2/2019,USA,East
Athlete 328,11/2/2019,USA,East
Athlete 437,11/2/2019,USA,East
Athlete 325,11/2/2019,USA,East
Athlete 25,11/1/2019,USA,East
Athlete 25,11/2/2019,USA,East
Athlete 259,11/2/2019,USA,East
Athlete 393,11/3/2019,USA,East
Athlete 61,11/3/2019,USA,East
Athlete 454,11/3/2019,USA,East
Athlete 201,11/3/2019,USA,East
Athlete 18,11/3/2019,USA,East
Athlete 186,11/3/2019,USA,East
Athlete 459,11/3/2019,USA,East
Athlete 437,11/3/2019,USA,East
Athlete 13,11/3/2019,USA,East
Athlete 27,11/3/2019,USA,East
Athlete 26,11/3/2019,USA,East
Athlete 289,11/3/2019,USA,East
Athlete 325,11/3/2019,USA,East
Athlete 43,11/3/2019,USA,East
Athlete 43,11/5/2019,USA,East
Athlete 393,11/6/2019,Canada,West
Athlete 259,11/6/2019,Canada,West
Athlete 366,11/6/2019,Canada,West
Athlete 530,11/6/2019,Canada,West
Athlete 403,11/6/2019,Canada,West
Athlete 323,11/6/2019,Canada,West
Athlete 328,11/6/2019,Canada,West
Athlete 18,11/6/2019,Canada,West
Athlete 232,11/6/2019,Canada,West
Athlete 26,11/6/2019,Canada,West
Athlete 197,11/6/2019,Canada,West
Athlete 197,11/7/2019,Canada,West
Athlete 58,11/7/2019,Canada,West
Athlete 18,11/7/2019,Canada,West
Athlete 393,11/7/2019,Canada,West
Athlete 259,11/7/2019,Canada,West
Athlete 530,11/7/2019,Canada,West
Athlete 403,11/7/2019,Canada,West
Athlete 323,11/7/2019,Canada,West
Athlete 393,11/8/2019,Canada,West
Athlete 58,11/8/2019,Canada,West
Athlete 403,11/8/2019,Canada,West
Athlete 259,11/8/2019,Canada,West
Athlete 18,11/8/2019,Canada,West
Athlete 530,11/8/2019,Canada,West
Athlete 323,11/8/2019,Canada,West
Athlete 328,11/8/2019,Canada,West
Athlete 454,11/9/2019,Canada,West
Athlete 328,11/9/2019,Canada,West
Athlete 323,11/9/2019,Canada,West
Athlete 530,11/9/2019,Canada,West
Athlete 393,11/9/2019,Canada,West
Athlete 403,11/9/2019,Canada,West
Athlete 197,11/9/2019,Canada,West
Athlete 259,11/10/2019,Canada,West
Athlete 328,11/10/2019,Canada,West
Athlete 454,11/10/2019,Canada,West
Athlete 197,11/12/2019,USA,East
Athlete 240,11/14/2019,USA,East
Athlete 459,11/14/2019,USA,East
Athlete 546,11/14/2019,USA,East
Athlete 437,11/14/2019,USA,East
Athlete 61,11/15/2019,USA,East
Athlete 239,11/15/2019,USA,East
Athlete 152,11/15/2019,USA,East
Athlete 227,11/15/2019,USA,East
Athlete 530,11/15/2019,USA,East
Athlete 43,11/15/2019,USA,East
Athlete 240,11/15/2019,USA,East
Athlete 25,11/15/2019,USA,East
Athlete 459,11/15/2019,USA,East
Athlete 11,11/15/2019,USA,East
Athlete 323,11/15/2019,USA,East
Athlete 437,11/15/2019,USA,East
Athlete 83,11/15/2019,USA,East
Athlete 530,11/16/2019,USA,East
Athlete 25,11/16/2019,USA,East
Athlete 465,11/15/2019,USA,East
Athlete 186,11/16/2019,USA,East
Athlete 459,11/16/2019,USA,East
Athlete 61,11/16/2019,USA,East
Athlete 152,11/16/2019,USA,East
Athlete 11,11/16/2019,USA,East
Athlete 227,11/16/2019,USA,East
Athlete 323,11/16/2019,USA,East
Athlete 465,11/16/2019,USA,East
Athlete 208,11/16/2019,USA,East
Athlete 530,11/17/2019,USA,East
Athlete 186,11/17/2019,USA,East
Athlete 25,11/17/2019,USA,East
Athlete 437,11/16/2019,USA,East
Athlete 11,11/17/2019,USA,East
Athlete 152,11/17/2019,USA,East
Athlete 232,11/17/2019,USA,East
Athlete 61,11/17/2019,USA,East
Athlete 366,11/17/2019,USA,East
Athlete 325,11/16/2019,USA,East
Athlete 325,11/17/2019,USA,East
Athlete 208,11/17/2019,USA,East
Athlete 43,11/18/2019,USA,East
Athlete 465,11/17/2019,USA,East
Athlete 530,11/18/2019,USA,East
Athlete 366,11/18/2019,USA,East
Athlete 323,11/18/2019,USA,East
Athlete 186,11/18/2019,USA,East
Athlete 232,11/18/2019,USA,East
Athlete 61,11/18/2019,USA,East
Athlete 27,11/16/2019,USA,East
Athlete 27,11/17/2019,USA,East
Athlete 325,11/18/2019,USA,East
Athlete 58,11/19/2019,USA,East
Athlete 43,11/19/2019,USA,East
Athlete 232,11/20/2019,USA,East
Athlete 459,11/20/2019,USA,East
Athlete 480,11/22/2019,USA,East
Athlete 26,11/22/2019,USA,East
Athlete 506,11/22/2019,USA,East
Athlete 366,11/23/2019,USA,East
Athlete 506,11/23/2019,USA,East
Athlete 289,11/22/2019,USA,East
Athlete 480,11/23/2019,USA,East
Athlete 220,11/23/2019,USA,East
Athlete 289,11/23/2019,USA,East
Athlete 1,11/23/2019,USA,East
Athlete 480,11/24/2019,USA,East
Athlete 506,11/24/2019,USA,East
Athlete 289,11/24/2019,USA,East
Athlete 13,11/27/2019,USA,East
Athlete 43,11/27/2019,USA,East
Athlete 530,11/28/2019,USA,East
Athlete 197,11/28/2019,USA,East
Athlete 366,11/28/2019,USA,East
Athlete 393,11/28/2019,USA,East
Athlete 259,11/28/2019,USA,East
Athlete 403,11/28/2019,USA,East
Athlete 58,11/28/2019,USA,East
Athlete 506,11/29/2019,USA,East
Athlete 459,11/29/2019,USA,East
Athlete 259,11/29/2019,USA,East
Athlete 58,11/29/2019,USA,East
Athlete 393,11/29/2019,USA,East
Athlete 25,11/29/2019,USA,East
Athlete 366,11/29/2019,USA,East
Athlete 530,11/29/2019,USA,East
Athlete 197,11/29/2019,USA,East
Athlete 480,11/29/2019,USA,East
Athlete 220,11/29/2019,USA,East
Athlete 454,11/29/2019,USA,East
Athlete 403,11/29/2019,USA,East
Athlete 11,11/29/2019,USA,East
Athlete 325,11/29/2019,USA,East
Athlete 387,11/29/2019,USA,East
Athlete 465,11/29/2019,USA,East
Athlete 437,11/29/2019,USA,East
Athlete 333,11/29/2019,USA,East
Athlete 328,11/29/2019,USA,East
Athlete 403,11/30/2019,USA,East
Athlete 13,11/30/2019,USA,East
Athlete 393,11/30/2019,USA,East
Athlete 259,11/30/2019,USA,East
Athlete 454,11/30/2019,USA,East
Athlete 197,11/30/2019,USA,East
Athlete 387,11/30/2019,USA,East
Athlete 366,11/30/2019,USA,East
Athlete 18,11/30/2019,USA,East
Athlete 58,11/30/2019,USA,East
Athlete 530,11/30/2019,USA,East
Athlete 459,11/30/2019,USA,East
Athlete 43,11/29/2019,USA,East
Athlete 43,11/30/2019,USA,East
Athlete 506,11/30/2019,USA,East
Athlete 465,11/30/2019,USA,East
Athlete 11,11/30/2019,USA,East
Athlete 437,11/30/2019,USA,East
Athlete 403,12/1/2019,USA,East
Athlete 393,12/1/2019,USA,East
Athlete 480,11/30/2019,USA,East
Athlete 366,12/1/2019,USA,East
Athlete 530,12/1/2019,USA,East
Athlete 387,12/1/2019,USA,East
Athlete 418,12/1/2019,USA,East
Athlete 197,12/1/2019,USA,East
Athlete 437,12/1/2019,USA,East
Athlete 259,12/1/2019,USA,East
Athlete 459,12/1/2019,USA,East
Athlete 333,12/1/2019,USA,East
Athlete 43,12/1/2019,USA,East
Athlete 328,12/2/2019,USA,East
Athlete 546,12/1/2019,USA,East
Athlete 43,12/3/2019,USA,East
Athlete 152,12/5/2019,Canada,West
Athlete 227,12/5/2019,Canada,West
Athlete 366,12/5/2019,Canada,West
Athlete 197,12/6/2019,Canada,West
Athlete 152,12/6/2019,Canada,West
Athlete 465,12/6/2019,Canada,West
Athlete 232,12/6/2019,Canada,West
Athlete 366,12/6/2019,Canada,West
Athlete 530,12/6/2019,Canada,West
Athlete 11,12/6/2019,Canada,West
Athlete 454,12/6/2019,Canada,West
Athlete 227,12/7/2019,Canada,West
Athlete 152,12/7/2019,Canada,West
Athlete 530,12/7/2019,Canada,West
Athlete 197,12/7/2019,Canada,West
Athlete 454,12/7/2019,Canada,West
Athlete 11,12/7/2019,Canada,West
Athlete 232,12/7/2019,Canada,West
Athlete 197,12/8/2019,Canada,West
Athlete 530,12/8/2019,Canada,West
Athlete 152,12/8/2019,Canada,West
Athlete 530,12/9/2019,Canada,West
Athlete 197,12/9/2019,Canada,West
Athlete 27,12/9/2019,Canada,West
Athlete 152,12/9/2019,Canada,West
Athlete 227,12/9/2019,Canada,West
Athlete 197,12/10/2019,Canada,West
Athlete 530,12/10/2019,Canada,West
Athlete 328,12/9/2019,Canada,West
Athlete 366,12/10/2019,Canada,West
Athlete 328,12/10/2019,Canada,West
Athlete 106,12/13/2019,Japan,
Athlete 418,12/14/2019,Japan,
Athlete 480,12/14/2019,Japan,
Athlete 480,12/15/2019,Japan,
Athlete 1,12/13/2019,Japan,
Athlete 328,12/16/2019,Japan,
Athlete 366,12/17/2019,Japan,
Athlete 11,12/17/2019,Japan,
Athlete 465,12/17/2019,Japan,
Athlete 328,12/17/2019,Japan,
Athlete 249,12/18/2019,Japan,
Athlete 393,12/18/2019,Japan,
Athlete 1,12/19/2019,Japan,
Athlete 358,12/19/2019,Japan,
Athlete 26,12/19/2019,Japan,
Athlete 58,12/19/2019,Japan,
Athlete 259,12/18/2019,Japan,
Athlete 403,12/19/2019,Japan,
Athlete 249,12/20/2019,Japan,
Athlete 1,12/20/2019,Japan,
Athlete 26,12/20/2019,Japan,
Athlete 58,12/20/2019,Japan,
Athlete 259,12/19/2019,Japan,
Athlete 358,12/20/2019,Japan,
Athlete 249,12/21/2019,Japan,
Athlete 393,12/20/2019,Japan,
Athlete 1,12/21/2019,Japan,
Athlete 26,12/21/2019,Japan,
Athlete 358,12/21/2019,Japan,
Athlete 58,12/21/2019,Japan,
Athlete 259,12/20/2019,Japan,
Athlete 259,12/21/2019,Japan,
Athlete 58,12/22/2019,Japan,
Athlete 393,12/21/2019,Japan,
Athlete 366,12/25/2019,Japan,
Athlete 43,12/27/2019,Japan,
Athlete 289,12/27/2019,Japan,
Athlete 43,12/28/2019,Japan,
Athlete 232,12/28/2019,Japan,
Athlete 289,12/28/2019,Japan,
Athlete 289,12/29/2019,Japan,
Athlete 328,12/30/2019,Japan,
Athlete 43,12/29/2019,Japan,
Athlete 454,1/2/2020,USA,East
Athlete 459,1/2/2020,USA,East
Athlete 465,1/2/2020,USA,East
Athlete 13,1/2/2020,USA,East
Athlete 18,1/2/2020,USA,East
Athlete 201,1/2/2020,USA,East
Athlete 11,1/2/2020,USA,East
Athlete 232,1/2/2020,USA,East
Athlete 437,1/2/2020,USA,East
Athlete 454,1/3/2020,USA,East
Athlete 11,1/3/2020,USA,East
Athlete 152,1/3/2020,USA,East
Athlete 239,1/3/2020,USA,East
Athlete 220,1/3/2020,USA,East
Athlete 27,1/3/2020,USA,East
Athlete 506,1/3/2020,USA,East
Athlete 25,1/3/2020,USA,East
Athlete 232,1/3/2020,USA,East
Athlete 459,1/3/2020,USA,East
Athlete 240,1/3/2020,USA,East
Athlete 227,1/3/2020,USA,East
Athlete 270,1/3/2020,USA,East
Athlete 201,1/3/2020,USA,East
Athlete 13,1/3/2020,USA,East
Athlete 437,1/3/2020,USA,East
Athlete 465,1/3/2020,USA,East
Athlete 27,1/4/2020,USA,East
Athlete 239,1/4/2020,USA,East
Athlete 454,1/4/2020,USA,East
Athlete 480,1/3/2020,USA,East
Athlete 480,1/4/2020,USA,East
Athlete 220,1/4/2020,USA,East
Athlete 270,1/4/2020,USA,East
Athlete 152,1/4/2020,USA,East
Athlete 240,1/4/2020,USA,East
Athlete 11,1/4/2020,USA,East
Athlete 83,1/4/2020,USA,East
Athlete 506,1/4/2020,USA,East
Athlete 465,1/4/2020,USA,East
Athlete 18,1/4/2020,USA,East
Athlete 437,1/4/2020,USA,East
Athlete 459,1/4/2020,USA,East
Athlete 506,1/5/2020,USA,East
Athlete 289,1/4/2020,USA,East
Athlete 289,1/3/2020,USA,East
Athlete 480,1/5/2020,USA,East
Athlete 220,1/5/2020,USA,East
Athlete 459,1/5/2020,USA,East
Athlete 437,1/5/2020,USA,East
Athlete 18,1/5/2020,USA,East
Athlete 1,1/6/2020,USA,East
Athlete 546,1/5/2020,USA,East
Athlete 366,1/7/2020,USA,East
Athlete 289,1/5/2020,USA,East
Athlete 13,1/5/2020,USA,East
Athlete 366,1/9/2020,France,
Athlete 530,1/9/2020,France,
Athlete 197,1/9/2020,France,
Athlete 323,1/9/2020,France,
Athlete 43,1/9/2020,France,
Athlete 26,1/9/2020,France,
Athlete 1,1/9/2020,France,
Athlete 530,1/10/2020,France,
Athlete 366,1/10/2020,France,
Athlete 197,1/10/2020,France,
Athlete 323,1/10/2020,France,
Athlete 43,1/10/2020,France,
Athlete 13,1/10/2020,France,
Athlete 1,1/10/2020,France,
Athlete 249,1/10/2020,France,
Athlete 358,1/10/2020,France,
Athlete 26,1/11/2020,France,
Athlete 530,1/11/2020,France,
Athlete 197,1/11/2020,France,
Athlete 366,1/11/2020,France,
Athlete 1,1/11/2020,France,
Athlete 323,1/11/2020,France,
Athlete 43,1/11/2020,France,
Athlete 249,1/12/2020,France,
Athlete 530,1/12/2020,France,
Athlete 366,1/12/2020,France,
Athlete 26,1/12/2020,France,
Athlete 197,1/12/2020,France,
Athlete 323,1/12/2020,France,
Athlete 1,1/12/2020,France,
Athlete 358,1/12/2020,France,
Athlete 454,1/13/2020,France,
Athlete 239,1/13/2020,France,
Athlete 465,1/13/2020,France,
Athlete 152,1/13/2020,France,
Athlete 11,1/13/2020,France,
Athlete 459,1/13/2020,France,
Athlete 227,1/13/2020,France,
Athlete 27,1/13/2020,France,
Athlete 239,1/14/2020,France,
Athlete 27,1/14/2020,France,
Athlete 366,1/14/2020,France,
Athlete 462,1/14/2020,France,
Athlete 454,1/14/2020,France,
Athlete 465,1/14/2020,France,
Athlete 25,1/13/2020,France,
Athlete 25,1/14/2020,France,
Athlete 152,1/14/2020,France,
Athlete 11,1/14/2020,France,
Athlete 232,1/14/2020,France,
Athlete 239,1/15/2020,France,
Athlete 152,1/15/2020,France,
Athlete 106,1/15/2020,France,
Athlete 58,1/15/2020,France,
Athlete 393,1/15/2020,France,
Athlete 403,1/15/2020,France,
Athlete 227,1/14/2020,France,
Athlete 227,1/15/2020,France,
Athlete 25,1/15/2020,France,
Athlete 454,1/15/2020,France,
Athlete 387,1/15/2020,France,
Athlete 11,1/16/2020,France,
Athlete 232,1/15/2020,France,
Athlete 465,1/15/2020,France,
Athlete 259,1/15/2020,France,
Athlete 437,1/13/2020,France,
Athlete 459,1/15/2020,France,
Athlete 459,1/14/2020,France,
Athlete 437,1/14/2020,France,
Athlete 437,1/15/2020,France,
Athlete 454,1/16/2020,Switzerland,
Athlete 11,1/16/2020,Switzerland,
Athlete 239,1/16/2020,Switzerland,
Athlete 58,1/16/2020,Switzerland,
Athlete 232,1/16/2020,Switzerland,
Athlete 328,1/16/2020,Switzerland,
Athlete 387,1/16/2020,Switzerland,
Athlete 106,1/16/2020,Switzerland,
Athlete 465,1/16/2020,Switzerland,
Athlete 393,1/16/2020,Switzerland,
Athlete 403,1/16/2020,Switzerland,
Athlete 152,1/17/2020,Switzerland,
Athlete 227,1/16/2020,Switzerland,
Athlete 27,1/15/2020,Switzerland,
Athlete 27,1/16/2020,Switzerland,
Athlete 18,1/16/2020,Switzerland,
Athlete 259,1/16/2020,Switzerland,
Athlete 465,1/17/2020,Switzerland,
Athlete 454,1/17/2020,Switzerland,
Athlete 239,1/17/2020,Switzerland,
Athlete 459,1/16/2020,Switzerland,
Athlete 11,1/17/2020,Switzerland,
Athlete 227,1/17/2020,Switzerland,
Athlete 152,1/18/2020,Switzerland,
Athlete 227,1/18/2020,Switzerland,
Athlete 27,1/17/2020,Switzerland,
Athlete 27,1/18/2020,Switzerland,
Athlete 403,1/18/2020,Switzerland,
Athlete 239,1/18/2020,Switzerland,
Athlete 106,1/18/2020,Switzerland,
Athlete 387,1/18/2020,Switzerland,
Athlete 58,1/18/2020,Switzerland,
Athlete 393,1/18/2020,Switzerland,
Athlete 18,1/18/2020,Switzerland,
Athlete 459,1/18/2020,Switzerland,
Athlete 1,1/20/2020,Switzerland,
Athlete 328,1/20/2020,Switzerland,
Athlete 106,1/22/2020,Switzerland,
Athlete 232,1/25/2020,Switzerland,
Athlete 232,1/26/2020,Switzerland,
Athlete 289,1/24/2020,Switzerland,
Athlete 289,1/25/2020,Switzerland,
Athlete 289,1/27/2020,Switzerland,
Athlete 366,1/28/2020,Switzerland,
Athlete 454,1/31/2020,Norway,
Athlete 25,1/31/2020,Norway,
Athlete 465,1/31/2020,Norway,
Athlete 27,1/31/2020,Norway,
Athlete 454,2/1/2020,Norway,
Athlete 465,2/1/2020,Norway,
Athlete 27,2/2/2020,Norway,
Athlete 454,2/2/2020,Norway,
Athlete 197,2/1/2020,Norway,
Athlete 197,2/2/2020,Norway,
Athlete 465,2/2/2020,Norway,
Athlete 25,2/2/2020,Norway,
Athlete 1,2/3/2020,Norway,
Athlete 366,2/4/2020,Norway,
Athlete 333,2/5/2020,Norway,
Athlete 530,2/8/2020,Austria,
Athlete 18,2/8/2020,Austria,
Athlete 387,2/8/2020,Austria,
Athlete 454,2/8/2020,Austria,
Athlete 197,2/8/2020,Austria,
Athlete 1,2/8/2020,Austria,
Athlete 11,2/8/2020,Austria,
Athlete 26,2/8/2020,Austria,
Athlete 366,2/8/2020,Austria,
Athlete 43,2/8/2020,Austria,
Athlete 530,2/9/2020,Austria,
Athlete 106,2/8/2020,Austria,
Athlete 403,2/9/2020,Austria,
Athlete 239,2/9/2020,Austria,
Athlete 186,2/9/2020,Austria,
Athlete 58,2/9/2020,Austria,
Athlete 227,2/9/2020,Austria,
Athlete 27,2/9/2020,Austria,
Athlete 13,2/9/2020,Austria,
Athlete 325,2/9/2020,Austria,
Athlete 61,2/9/2020,Austria,
Athlete 333,2/9/2020,Austria,
Athlete 387,2/9/2020,Austria,
Athlete 232,2/9/2020,Austria,
Athlete 1,2/9/2020,Austria,
Athlete 454,2/9/2020,Austria,
Athlete 26,2/9/2020,Austria,
Athlete 11,2/9/2020,Austria,
Athlete 465,2/9/2020,Austria,
Athlete 152,2/9/2020,Austria,
Athlete 259,2/10/2020,Austria,
Athlete 13,2/10/2020,Austria,
Athlete 323,2/10/2020,Austria,
Athlete 403,2/10/2020,Austria,
Athlete 530,2/10/2020,Austria,
Athlete 106,2/10/2020,Austria,
Athlete 58,2/10/2020,Austria,
Athlete 239,2/10/2020,Austria,
Athlete 27,2/10/2020,Austria,
Athlete 152,2/10/2020,Austria,
Athlete 186,2/10/2020,Austria,
Athlete 227,2/10/2020,Austria,
Athlete 454,2/10/2020,Austria,
Athlete 465,2/10/2020,Austria,
Athlete 197,2/9/2020,Austria,
Athlete 197,2/10/2020,Austria,
Athlete 387,2/10/2020,Austria,
Athlete 43,2/9/2020,Austria,
Athlete 43,2/10/2020,Austria,
Athlete 232,2/10/2020,Austria,
Athlete 26,2/10/2020,Austria,
Athlete 393,2/10/2020,Austria,
Athlete 18,2/10/2020,Austria,
Athlete 1,2/10/2020,Austria,
Athlete 11,2/10/2020,Austria,
Athlete 366,2/10/2020,Austria,
Athlete 403,2/11/2020,Austria,
Athlete 43,2/11/2020,Austria,
Athlete 26,2/11/2020,Austria,
Athlete 454,2/11/2020,Austria,
Athlete 18,2/11/2020,Austria,
Athlete 530,2/11/2020,Austria,
Athlete 11,2/11/2020,Austria,
Athlete 366,2/11/2020,Austria,
Athlete 387,2/11/2020,Austria,
Athlete 239,2/11/2020,Austria,
Athlete 232,2/11/2020,Austria,
Athlete 333,2/10/2020,Austria,
Athlete 333,2/11/2020,Austria,
Athlete 106,2/11/2020,Austria,
Athlete 152,2/11/2020,Austria,
Athlete 13,2/11/2020,Austria,
Athlete 465,2/11/2020,Austria,
Athlete 61,2/10/2020,Austria,
Athlete 61,2/11/2020,Austria,
Athlete 227,2/11/2020,Austria,
Athlete 186,2/11/2020,Austria,
Athlete 1,2/11/2020,Austria,
Athlete 530,2/12/2020,Austria,
Athlete 27,2/12/2020,Austria,
Athlete 186,2/12/2020,Austria,
Athlete 26,2/12/2020,Austria,
Athlete 58,2/11/2020,Austria,
Athlete 259,2/11/2020,Austria,
Athlete 259,2/12/2020,Austria,
Athlete 58,2/12/2020,Austria,
Athlete 61,2/12/2020,Austria,
Athlete 403,2/12/2020,Austria,
Athlete 387,2/12/2020,Austria,
Athlete 454,2/12/2020,Austria,
Athlete 393,2/11/2020,Austria,
Athlete 393,2/12/2020,Austria,
Athlete 152,2/12/2020,Austria,
Athlete 239,2/12/2020,Austria,
Athlete 232,2/13/2020,Austria,
Athlete 465,2/12/2020,Austria,
Athlete 323,2/12/2020,Austria,
Athlete 11,2/12/2020,Austria,
Athlete 227,2/12/2020,Austria,
Athlete 227,2/13/2020,Austria,
Athlete 387,2/13/2020,Austria,
Athlete 403,2/13/2020,Austria,
Athlete 186,2/13/2020,Austria,
Athlete 11,2/13/2020,Austria,
Athlete 454,2/13/2020,Austria,
Athlete 239,2/13/2020,Austria,
Athlete 26,2/13/2020,Austria,
Athlete 13,2/12/2020,Austria,
Athlete 13,2/13/2020,Austria,
Athlete 43,2/12/2020,Austria,
Athlete 43,2/13/2020,Austria,
Athlete 197,2/11/2020,Austria,
Athlete 197,2/14/2020,Austria,
Athlete 197,2/12/2020,Austria,
Athlete 197,2/13/2020,Austria,
Athlete 366,2/12/2020,Austria,
Athlete 366,2/13/2020,Austria,
Athlete 1,2/12/2020,Austria,
Athlete 1,2/13/2020,Austria,
Athlete 323,2/13/2020,Austria,
Athlete 333,2/12/2020,Austria,
Athlete 333,2/13/2020,Austria,
Athlete 259,2/13/2020,Austria,
Athlete 27,2/13/2020,Austria,
Athlete 465,2/13/2020,Austria,
Athlete 152,2/13/2020,Austria,
Athlete 403,2/14/2020,Austria,
Athlete 26,2/14/2020,Austria,
Athlete 530,2/14/2020,Austria,
Athlete 58,2/13/2020,Austria,
Athlete 58,2/14/2020,Austria,
Athlete 454,2/14/2020,Austria,
Athlete 13,2/14/2020,Austria,
Athlete 232,2/14/2020,Austria,
Athlete 11,2/14/2020,Austria,
Athlete 186,2/15/2020,Austria,
Athlete 366,2/14/2020,Austria,
Athlete 1,2/14/2020,Austria,
Athlete 259,2/14/2020,Austria,
Athlete 465,2/14/2020,Austria,
Athlete 323,2/14/2020,Austria,
Athlete 26,2/15/2020,Austria,
Athlete 530,2/15/2020,Austria,
Athlete 403,2/15/2020,Austria,
Athlete 197,2/15/2020,Austria,
Athlete 366,2/15/2020,Austria,
Athlete 259,2/15/2020,Austria,
Athlete 58,2/15/2020,Austria,
Athlete 13,2/15/2020,Austria,
Athlete 328,2/18/2020,Austria,
Athlete 480,2/16/2020,Austria,
Athlete 403,2/20/2020,USA,East
Athlete 239,2/20/2020,USA,East
Athlete 239,2/21/2020,USA,East
Athlete 61,2/21/2020,USA,East
Athlete 227,2/20/2020,USA,East
Athlete 227,2/21/2020,USA,East
Athlete 232,2/21/2020,USA,East
Athlete 227,2/22/2020,USA,East
Athlete 239,2/22/2020,USA,East
Athlete 232,2/22/2020,USA,East
Athlete 13,2/21/2020,USA,East
Athlete 13,2/22/2020,USA,East
Athlete 239,2/23/2020,USA,East
Athlete 61,2/22/2020,USA,East
Athlete 227,2/23/2020,USA,East
Athlete 328,2/24/2020,USA,East
Athlete 393,2/27/2020,USA,East
Athlete 259,2/27/2020,USA,East
Athlete 328,2/27/2020,USA,East
Athlete 13,2/27/2020,USA,East
Athlete 201,2/27/2020,USA,East
Athlete 26,2/27/2020,USA,East
Athlete 18,2/27/2020,USA,East
Athlete 289,2/27/2020,USA,East
Athlete 43,2/27/2020,USA,East
Athlete 186,2/27/2020,USA,East
Athlete 249,2/27/2020,USA,East
Athlete 530,2/28/2020,USA,East
Athlete 201,2/28/2020,USA,East
Athlete 328,2/28/2020,USA,East
Athlete 18,2/29/2020,USA,East
Athlete 26,2/28/2020,USA,East
Athlete 249,2/28/2020,USA,East
Athlete 186,2/28/2020,USA,East
Athlete 393,2/28/2020,USA,East
Athlete 259,2/28/2020,USA,East
Athlete 13,2/28/2020,USA,East
Athlete 43,2/28/2020,USA,East
Athlete 201,2/29/2020,USA,East
Athlete 530,2/29/2020,USA,East
Athlete 186,2/29/2020,USA,East
Athlete 249,2/29/2020,USA,East
Athlete 20,2/29/2020,USA,East
Athlete 43,2/29/2020,USA,East
Athlete 13,2/29/2020,USA,East
Athlete 11,2/29/2020,USA,East
Athlete 323,2/28/2020,USA,East
Athlete 323,2/29/2020,USA,East
Athlete 289,2/28/2020,USA,East
Athlete 289,2/29/2020,USA,East
Athlete 20,3/1/2020,Canada,West
Athlete 197,2/28/2020,USA,East
Athlete 197,2/29/2020,USA,East
Athlete 197,3/1/2020,Canada,West
Athlete 530,3/1/2020,Canada,West
Athlete 18,3/1/2020,Canada,West
Athlete 11,3/1/2020,Canada,West
Athlete 13,3/1/2020,Canada,West
Athlete 26,2/29/2020,USA,East
Athlete 259,3/1/2020,Canada,West
Athlete 454,3/7/2020,Canada,West
Athlete 454,3/8/2020,Canada,West
Athlete 197,3/8/2020,Canada,West
Athlete 454,3/9/2020,Canada,West
Athlete 1,3/9/2020,Canada,West
Athlete 454,3/10/2020,Canada,West
Athlete 454,3/11/2020,Canada,West
Athlete 454,3/12/2020,Canada,West
Athlete 18,3/15/2020,Canada,West
Athlete 13,3/13/2020,Canada,West
Athlete 13,3/14/2020,Canada,West
Athlete 13,3/15/2020,Canada,West
Athlete 472,6/26/2020,USA,East
Athlete 472,7/18/2020,USA,East
Athlete 358,8/4/2020,USA,East
